"Legacy account code","Legacy account name","Legacy source","Workbook exact-name candidate code","Workbook candidate name","Review status","Finance-approved target code","Effective date","Recommended target code(s)","Standards-based decision and rationale","Migration treatment","Reviewer notes"
"110100","Cash and Bank","Recommended COA","","","Standards-based recommendation — not finance sign-off","","","10100","Direct mapping. Cash and bank is a cash subledger/control; use approved bank accounts and bank reconciliation.","One-to-one candidate; opening-balance reconciliation required","Proposed using latest approved posting-engine COA and accounting standards/global practice. Preserve the legacy history; migrate only after subledger, control-account and opening-trial-balance reconciliation."
"120100","Trade Receivables","Recommended COA","","","Standards-based recommendation — not finance sign-off","","","11000","Direct mapping. Trade receivables control; customer subledger required.","One-to-one candidate; opening-balance reconciliation required","Proposed using latest approved posting-engine COA and accounting standards/global practice. Preserve the legacy history; migrate only after subledger, control-account and opening-trial-balance reconciliation."
"125100","Input VAT Recoverable","Posting COA Master","","","Standards-based recommendation — not finance sign-off","","","11300","Direct mapping. Input VAT receivable; retain tax-code and return reconciliation.","One-to-one candidate; opening-balance reconciliation required","Proposed using latest approved posting-engine COA and accounting standards/global practice. Preserve the legacy history; migrate only after subledger, control-account and opening-trial-balance reconciliation."
"130100","Raw Materials and Consumables","Recommended COA","","","Standards-based recommendation — not finance sign-off","","","12000 / 12100 / 12200 / 12300","Split by item class: raw-material control 12000, feed ingredients 12100, packaging 12200, consumables 12300. IAS 2 inventory classification follows nature/use; use item subledger before opening balances.","Split/reconcile before migration","Proposed using latest approved posting-engine COA and accounting standards/global practice. Preserve the legacy history; migrate only after subledger, control-account and opening-trial-balance reconciliation."
"130110","Feed Inventory","Posting COA Master","","","Standards-based recommendation — not finance sign-off","","","12100","Direct mapping to feed ingredients inventory, subject to item reconciliation.","One-to-one candidate; opening-balance reconciliation required","Proposed using latest approved posting-engine COA and accounting standards/global practice. Preserve the legacy history; migrate only after subledger, control-account and opening-trial-balance reconciliation."
"130199","Inventory in Transit","Posting COA Master","","","Standards-based recommendation — not finance sign-off","","","12500","Direct mapping to goods in transit; reconcile shipped/received cut-off.","One-to-one candidate; opening-balance reconciliation required","Proposed using latest approved posting-engine COA and accounting standards/global practice. Preserve the legacy history; migrate only after subledger, control-account and opening-trial-balance reconciliation."
"130200","Biological Assets — Snails","Recommended COA","","","Standards-based recommendation — not finance sign-off","","","16031 / 16041","Split snail balances by lifecycle/maturity into immature 16031 and mature 16041, with quantity, valuation date and valuation evidence. IAS 41 FVLCTS at recognition/reporting dates; cost only if fair value clearly unreliable at initial recognition.","Split/reconcile before migration","Proposed using latest approved posting-engine COA and accounting standards/global practice. Preserve the legacy history; migrate only after subledger, control-account and opening-trial-balance reconciliation."
"130201","BA — Snail Eggs","Posting COA Master","","","Standards-based recommendation — not finance sign-off","","","16031","Snail eggs: immature snail biological assets; viable eggs recognized and valued. Use FVLCTS where reliably measurable, otherwise attributable cost only under IAS 41 initial-recognition exception.","One-to-one candidate; opening-balance reconciliation required","Proposed using latest approved posting-engine COA and accounting standards/global practice. Preserve the legacy history; migrate only after subledger, control-account and opening-trial-balance reconciliation."
"130202","BA — Snail Hatchlings","Posting COA Master","","","Standards-based recommendation — not finance sign-off","","","16031","Snail hatchlings: immature snail biological assets; value under IAS 41 FVLCTS.","One-to-one candidate; opening-balance reconciliation required","Proposed using latest approved posting-engine COA and accounting standards/global practice. Preserve the legacy history; migrate only after subledger, control-account and opening-trial-balance reconciliation."
"130203","BA — Snail Juveniles","Posting COA Master","","","Standards-based recommendation — not finance sign-off","","","16031","Snail juveniles: immature snail biological assets; value under IAS 41 FVLCTS.","One-to-one candidate; opening-balance reconciliation required","Proposed using latest approved posting-engine COA and accounting standards/global practice. Preserve the legacy history; migrate only after subledger, control-account and opening-trial-balance reconciliation."
"130204","BA — Market Snails","Posting COA Master","","","Standards-based recommendation — not finance sign-off","","","16041","Market snails: mature snail biological assets; value under IAS 41 FVLCTS until harvest.","One-to-one candidate; opening-balance reconciliation required","Proposed using latest approved posting-engine COA and accounting standards/global practice. Preserve the legacy history; migrate only after subledger, control-account and opening-trial-balance reconciliation."
"130210","Biological Assets — Poultry","Recommended COA","","","Standards-based recommendation — not finance sign-off","","","16032 / 16042","Split poultry by immature/mature stage into 16032/16042; preserve species, flock and stage subledger.","Split/reconcile before migration","Proposed using latest approved posting-engine COA and accounting standards/global practice. Preserve the legacy history; migrate only after subledger, control-account and opening-trial-balance reconciliation."
"130215","BA/Inventory — Eggs","Posting COA Master","","","Standards-based recommendation — not finance sign-off","","","16031 / 16032 / 12400","Split by species and status: viable snail eggs 16031; viable hatching/incubating poultry eggs 16032; harvested table eggs inventory 12400. IAS 41 applies to living asset/produce until harvest; IAS 2 thereafter.","Split/reconcile before migration","Proposed using latest approved posting-engine COA and accounting standards/global practice. Preserve the legacy history; migrate only after subledger, control-account and opening-trial-balance reconciliation."
"130216","BA/WIP — Eggs in Incubation","Posting COA Master","","","Standards-based recommendation — not finance sign-off","","","16032","Incubating poultry eggs are immature biological assets; retain flock/batch stage and quantity support.","One-to-one candidate; opening-balance reconciliation required","Proposed using latest approved posting-engine COA and accounting standards/global practice. Preserve the legacy history; migrate only after subledger, control-account and opening-trial-balance reconciliation."
"130400","Production WIP Control","Recommended COA","13000","Production WIP control","Standards-based recommendation — not finance sign-off","","","13000","Direct mapping to production WIP control. Subledger/reconciliation only; no direct manual journal.","One-to-one candidate; opening-balance reconciliation required","Proposed using latest approved posting-engine COA and accounting standards/global practice. Preserve the legacy history; migrate only after subledger, control-account and opening-trial-balance reconciliation."
"130410","WIP — Snail Processing","Recommended COA","","","Standards-based recommendation — not finance sign-off","","","13110","Direct mapping to snail processing WIP.","One-to-one candidate; opening-balance reconciliation required","Proposed using latest approved posting-engine COA and accounting standards/global practice. Preserve the legacy history; migrate only after subledger, control-account and opening-trial-balance reconciliation."
"130420","WIP — Poultry Processing","Recommended COA","","","Standards-based recommendation — not finance sign-off","","","13120","Direct mapping to poultry processing WIP.","One-to-one candidate; opening-balance reconciliation required","Proposed using latest approved posting-engine COA and accounting standards/global practice. Preserve the legacy history; migrate only after subledger, control-account and opening-trial-balance reconciliation."
"130430","Feed Mill WIP","Posting COA Master","","","Standards-based recommendation — not finance sign-off","","","13200","Direct mapping to feed-mill WIP.","One-to-one candidate; opening-balance reconciliation required","Proposed using latest approved posting-engine COA and accounting standards/global practice. Preserve the legacy history; migrate only after subledger, control-account and opening-trial-balance reconciliation."
"130510","Finished Goods — Snail Meat/Slime/Shell","Recommended COA","","","Standards-based recommendation — not finance sign-off","","","12410","Map to finished snail products; split product classes at item subledger if the old balance combines meat, slime and shell.","One-to-one candidate; opening-balance reconciliation required","Proposed using latest approved posting-engine COA and accounting standards/global practice. Preserve the legacy history; migrate only after subledger, control-account and opening-trial-balance reconciliation."
"130520","Finished Goods — Poultry Products","Recommended COA","","","Standards-based recommendation — not finance sign-off","","","12420","Map to finished poultry products; split by SKU where necessary.","One-to-one candidate; opening-balance reconciliation required","Proposed using latest approved posting-engine COA and accounting standards/global practice. Preserve the legacy history; migrate only after subledger, control-account and opening-trial-balance reconciliation."
"140100","Property Plant and Equipment","Recommended COA","","","Standards-based recommendation — not finance sign-off","","","15100 / 15200 / 15300 / 15400","Split by fixed-asset register class (land/buildings/plant/vehicles/office equipment) and reconcile gross cost; IAS 16 classification and asset register drive mapping.","Split/reconcile before migration","Proposed using latest approved posting-engine COA and accounting standards/global practice. Preserve the legacy history; migrate only after subledger, control-account and opening-trial-balance reconciliation."
"149100","Accumulated Depreciation","Recommended COA","","","Standards-based recommendation — not finance sign-off","","","15500 / 15600 / 15700","Split accumulated depreciation by matching PPE class and asset register. Do not map without gross cost and accumulated depreciation reconciliation.","Split/reconcile before migration","Proposed using latest approved posting-engine COA and accounting standards/global practice. Preserve the legacy history; migrate only after subledger, control-account and opening-trial-balance reconciliation."
"210100","Trade Payables","Recommended COA","","","Standards-based recommendation — not finance sign-off","","","20100","Direct mapping to AP control; reconcile supplier subledger.","One-to-one candidate; opening-balance reconciliation required","Proposed using latest approved posting-engine COA and accounting standards/global practice. Preserve the legacy history; migrate only after subledger, control-account and opening-trial-balance reconciliation."
"210200","GRNI","Posting COA Master","","","Standards-based recommendation — not finance sign-off","","","20300","Direct mapping to GRNI; reconcile unmatched receipts/invoices and cut-off.","One-to-one candidate; opening-balance reconciliation required","Proposed using latest approved posting-engine COA and accounting standards/global practice. Preserve the legacy history; migrate only after subledger, control-account and opening-trial-balance reconciliation."
"219810","S_Recovery_GL","Recommended COA","","","Standards-based recommendation — not finance sign-off","","","54000 / 54100 / 54200","Split by the recovered resource/event (labour, machine or utilities) to the corresponding recovery account and cost centre. Keep recovery account controlled and reconcile to source cost pools.","Split/reconcile before migration","Proposed using latest approved posting-engine COA and accounting standards/global practice. Preserve the legacy history; migrate only after subledger, control-account and opening-trial-balance reconciliation."
"219820","P_Recovery_GL","Recommended COA","","","Standards-based recommendation — not finance sign-off","","","54000 / 54100 / 54200","Split by resource/event (labour, machine or utilities); do not create species-specific GL accounts. Use dimensions for species/cost centre.","Split/reconcile before migration","Proposed using latest approved posting-engine COA and accounting standards/global practice. Preserve the legacy history; migrate only after subledger, control-account and opening-trial-balance reconciliation."
"219830","Feed Mill Recovery GL","Posting COA Master","","","Standards-based recommendation — not finance sign-off","","","54300","One Feed Mill Recovery GL, as requested; dimensions must include species, formula, batch and work centre. Reconcile actual source costs and applied recovery; variances go to the appropriate 53000–53600 account.","One-to-one candidate; opening-balance reconciliation required","Proposed using latest approved posting-engine COA and accounting standards/global practice. Preserve the legacy history; migrate only after subledger, control-account and opening-trial-balance reconciliation."
"220100","Payroll Payable","Recommended COA","20700","Payroll payable","Standards-based recommendation — not finance sign-off","","","20700","Direct mapping to payroll payable; reconcile payroll register and settlement.","One-to-one candidate; opening-balance reconciliation required","Proposed using latest approved posting-engine COA and accounting standards/global practice. Preserve the legacy history; migrate only after subledger, control-account and opening-trial-balance reconciliation."
"221100","PAYE Payable","Recommended COA","20600","PAYE payable","Standards-based recommendation — not finance sign-off","","","20600","Direct mapping to PAYE payable; reconcile payroll returns and remittances.","One-to-one candidate; opening-balance reconciliation required","Proposed using latest approved posting-engine COA and accounting standards/global practice. Preserve the legacy history; migrate only after subledger, control-account and opening-trial-balance reconciliation."
"222100","Pension Payable","Recommended COA","","","Standards-based recommendation — not finance sign-off","","","20700","Use payroll payable control 20700 with mandatory statutory deduction subledger/payee type = pension; retain employee/employer components separately in payroll records. Do not create an unapproved GL code.","One-to-one candidate; opening-balance reconciliation required","Proposed using latest approved posting-engine COA and accounting standards/global practice. Preserve the legacy history; migrate only after subledger, control-account and opening-trial-balance reconciliation."
"223100","Other Payroll Deductions Payable","Posting COA Master","","","Standards-based recommendation — not finance sign-off","","","20700","Use payroll payable 20700 with mandatory deduction-type/payee subledger; split balances by statutory/other deduction and beneficiary at migration.","One-to-one candidate; opening-balance reconciliation required","Proposed using latest approved posting-engine COA and accounting standards/global practice. Preserve the legacy history; migrate only after subledger, control-account and opening-trial-balance reconciliation."
"224100","Employer Levies Payable","Posting COA Master","","","Standards-based recommendation — not finance sign-off","","","20700 or 20200","Employee statutory deductions payable: 20700 with statutory subledger. Employer levies accrued but not payroll-settled: 20200. Split by source transaction and liability nature.","One-to-one candidate; opening-balance reconciliation required","Proposed using latest approved posting-engine COA and accounting standards/global practice. Preserve the legacy history; migrate only after subledger, control-account and opening-trial-balance reconciliation."
"225100","WHT Payable","Posting COA Master","","","Standards-based recommendation — not finance sign-off","","","20500","Direct mapping to withholding tax payable; reconcile tax type and remittance.","One-to-one candidate; opening-balance reconciliation required","Proposed using latest approved posting-engine COA and accounting standards/global practice. Preserve the legacy history; migrate only after subledger, control-account and opening-trial-balance reconciliation."
"226100","Output VAT Payable","Posting COA Master","20400","Output VAT payable","Standards-based recommendation — not finance sign-off","","","20400","Direct mapping to output VAT payable; reconcile tax codes and returns.","One-to-one candidate; opening-balance reconciliation required","Proposed using latest approved posting-engine COA and accounting standards/global practice. Preserve the legacy history; migrate only after subledger, control-account and opening-trial-balance reconciliation."
"227100","Income Tax Payable","Posting COA Master","","","Standards-based recommendation — not finance sign-off","","","20900","Direct mapping to current income tax payable; reconcile tax computation.","One-to-one candidate; opening-balance reconciliation required","Proposed using latest approved posting-engine COA and accounting standards/global practice. Preserve the legacy history; migrate only after subledger, control-account and opening-trial-balance reconciliation."
"230100","Accrued Expenses","Recommended COA","","","Standards-based recommendation — not finance sign-off","","","20200","Direct mapping to accruals; require liability support and cut-off schedule.","One-to-one candidate; opening-balance reconciliation required","Proposed using latest approved posting-engine COA and accounting standards/global practice. Preserve the legacy history; migrate only after subledger, control-account and opening-trial-balance reconciliation."
"310100","Share Capital/Owner Funding","Recommended COA","","","Standards-based recommendation — not finance sign-off","","","30000","Map verified paid-in share capital to 30000. Separate owner loans/other funding to appropriate liability/equity accounts only after legal-document review; this legacy label is mixed.","One-to-one candidate; opening-balance reconciliation required","Proposed using latest approved posting-engine COA and accounting standards/global practice. Preserve the legacy history; migrate only after subledger, control-account and opening-trial-balance reconciliation."
"320100","Retained Earnings","Recommended COA","30200","Retained earnings","Standards-based recommendation — not finance sign-off","","","30200","Direct mapping to retained earnings after opening trial balance and prior-period reconciliation.","One-to-one candidate; opening-balance reconciliation required","Proposed using latest approved posting-engine COA and accounting standards/global practice. Preserve the legacy history; migrate only after subledger, control-account and opening-trial-balance reconciliation."
"410100","Revenue — Live Snails","Recommended COA","40210","Revenue - live snails","Standards-based recommendation — not finance sign-off","","","40210","Direct mapping to live snail revenue; apply revenue recognition at transfer/control under IFRS 15 and reconcile sales cutoff.","One-to-one candidate; opening-balance reconciliation required","Proposed using latest approved posting-engine COA and accounting standards/global practice. Preserve the legacy history; migrate only after subledger, control-account and opening-trial-balance reconciliation."
"410200","Revenue — Processed Snail Products","Recommended COA","40220","Revenue - processed snail products","Standards-based recommendation — not finance sign-off","","","40220","Direct mapping to processed snail product revenue; classify by product if required for reporting.","One-to-one candidate; opening-balance reconciliation required","Proposed using latest approved posting-engine COA and accounting standards/global practice. Preserve the legacy history; migrate only after subledger, control-account and opening-trial-balance reconciliation."
"410300","Revenue — Live Birds/Eggs","Recommended COA","","","Standards-based recommendation — not finance sign-off","","","40310 / 40330","Split sales by product: live birds 40310, harvested eggs 40330. Apply IFRS 15 when control transfers; eggs sold as agricultural produce are measured under IAS 41 at harvest then IAS 2 inventory.","Split/reconcile before migration","Proposed using latest approved posting-engine COA and accounting standards/global practice. Preserve the legacy history; migrate only after subledger, control-account and opening-trial-balance reconciliation."
"410400","Revenue — Processed Poultry","Recommended COA","","","Standards-based recommendation — not finance sign-off","","","40320","Direct mapping to processed poultry revenue.","One-to-one candidate; opening-balance reconciliation required","Proposed using latest approved posting-engine COA and accounting standards/global practice. Preserve the legacy history; migrate only after subledger, control-account and opening-trial-balance reconciliation."
"420100","Fair-Value Gain/Loss — Snails","Recommended COA","","","Standards-based recommendation — not finance sign-off","","","42000 / 42100","Split gains to 42000 and losses to 42100; species is a dimension, not a separate account. IAS 41 changes in FVLCTS go to profit or loss.","Split/reconcile before migration","Proposed using latest approved posting-engine COA and accounting standards/global practice. Preserve the legacy history; migrate only after subledger, control-account and opening-trial-balance reconciliation."
"420200","Fair-Value Gain/Loss — Poultry","Recommended COA","","","Standards-based recommendation — not finance sign-off","","","42000 / 42100","Split gains/losses by sign to 42000/42100; species/flock are dimensions. IAS 41 changes in FVLCTS go to profit or loss.","Split/reconcile before migration","Proposed using latest approved posting-engine COA and accounting standards/global practice. Preserve the legacy history; migrate only after subledger, control-account and opening-trial-balance reconciliation."
"510100","COGS — Live Snails","Recommended COA","","","Standards-based recommendation — not finance sign-off","","","50210","Direct mapping to live snails COGS; reconcile production/sales quantities and carrying amount derecognition.","One-to-one candidate; opening-balance reconciliation required","Proposed using latest approved posting-engine COA and accounting standards/global practice. Preserve the legacy history; migrate only after subledger, control-account and opening-trial-balance reconciliation."
"510200","COGS — Processed Snail Products","Recommended COA","","","Standards-based recommendation — not finance sign-off","","","50220","Direct mapping to processed snail COGS; reconcile inventory issue and sales.","One-to-one candidate; opening-balance reconciliation required","Proposed using latest approved posting-engine COA and accounting standards/global practice. Preserve the legacy history; migrate only after subledger, control-account and opening-trial-balance reconciliation."
"510300","COGS — Live Birds/Eggs","Recommended COA","","","Standards-based recommendation — not finance sign-off","","","50310 / 50330","Split by sold item: live birds 50310; harvested eggs 50330. Do not carry a combined opening balance without item-level support.","Split/reconcile before migration","Proposed using latest approved posting-engine COA and accounting standards/global practice. Preserve the legacy history; migrate only after subledger, control-account and opening-trial-balance reconciliation."
"510400","COGS — Processed Poultry","Recommended COA","","","Standards-based recommendation — not finance sign-off","","","50320","Direct mapping to processed poultry COGS.","One-to-one candidate; opening-balance reconciliation required","Proposed using latest approved posting-engine COA and accounting standards/global practice. Preserve the legacy history; migrate only after subledger, control-account and opening-trial-balance reconciliation."
"520100","Snail Production Variances","Recommended COA","","","Standards-based recommendation — not finance sign-off","","","53000–53600","Split by variance nature (price, usage, labour rate, efficiency, variable/fixed overhead volume, feed formulation/yield); species/cost centre are dimensions. IAS 2 abnormal waste is expensed, not capitalized.","Split by source transaction before migration","Proposed using latest approved posting-engine COA and accounting standards/global practice. Preserve the legacy history; migrate only after subledger, control-account and opening-trial-balance reconciliation."
"520300","Poultry Production Variances","Recommended COA","","","Standards-based recommendation — not finance sign-off","","","53000–53600","Split by variance nature to 53000–53600; do not allocate a pooled variance by legacy species account alone.","Split by source transaction before migration","Proposed using latest approved posting-engine COA and accounting standards/global practice. Preserve the legacy history; migrate only after subledger, control-account and opening-trial-balance reconciliation."
"520500","Feed Production Variance","Posting COA Master","","","Standards-based recommendation — not finance sign-off","","","53000–53600","Split by material, labour, overhead and formulation/yield variance type. IAS 2: allocate fixed production overhead at normal capacity; expense abnormal waste/idle capacity.","Split by source transaction before migration","Proposed using latest approved posting-engine COA and accounting standards/global practice. Preserve the legacy history; migrate only after subledger, control-account and opening-trial-balance reconciliation."
"611000","Snail Feed and Medication Expense","Recommended COA","","","Standards-based recommendation — not finance sign-off","","","52610 / 52510","Split feed to 52610 and medication/treatment to 52510 using AP/inventory issue detail; do not classify medicine as feed.","Split/reconcile before migration","Proposed using latest approved posting-engine COA and accounting standards/global practice. Preserve the legacy history; migrate only after subledger, control-account and opening-trial-balance reconciliation."
"612000","Snailery Labour and Facility Expense","Recommended COA","","","Standards-based recommendation — not finance sign-off","","","52010 / 52200 / 52300 / 56000","Split source costs into direct snail labour 52010, utilities 52200, repairs 52300, and nonproduction/admin 56000 by payroll/AP/GL records and cost centre.","Split/reconcile before migration","Proposed using latest approved posting-engine COA and accounting standards/global practice. Preserve the legacy history; migrate only after subledger, control-account and opening-trial-balance reconciliation."
"613000","Poultry Farm Labour/Overhead","Recommended COA","","","Standards-based recommendation — not finance sign-off","","","52020 / 52200 / 52300 / 56000","Split source costs into poultry direct labour 52020, utilities 52200, repairs 52300 and nonproduction/admin 56000 using source records and cost centre.","Split/reconcile before migration","Proposed using latest approved posting-engine COA and accounting standards/global practice. Preserve the legacy history; migrate only after subledger, control-account and opening-trial-balance reconciliation."
"620100","Payroll Expense / allocated cost pool","Posting COA Master","","","Standards-based recommendation — not finance sign-off","","","52010 / 52020 / 52100 / 52110 / 52120 / 56000","Allocate from payroll by employee function and approved cost centre; direct and production labour capitalized only when attributable to bringing inventory to present location/condition; admin remains expense under IAS 2.","Split/reconcile before migration","Proposed using latest approved posting-engine COA and accounting standards/global practice. Preserve the legacy history; migrate only after subledger, control-account and opening-trial-balance reconciliation."
"620200","Employer Pension Expense / ABC Pool","Posting COA Master","","","Standards-based recommendation — not finance sign-off","","","52010 / 52020 / 52100 / 52110 / 52120 / 56000","Allocate employer pension with employee function using payroll records; IAS 19 defines employee benefit accounting, while IAS 2 governs eligible production-cost capitalization.","Split/reconcile before migration","Proposed using latest approved posting-engine COA and accounting standards/global practice. Preserve the legacy history; migrate only after subledger, control-account and opening-trial-balance reconciliation."
"620300","Employer Statutory Levy Expense","Posting COA Master","","","Standards-based recommendation — not finance sign-off","","","52010 / 52020 / 52100 / 52110 / 52120 / 56000","Allocate employer statutory levies by employee function and cost centre from payroll records; production portion only enters inventory cost if eligible under IAS 2.","Split/reconcile before migration","Proposed using latest approved posting-engine COA and accounting standards/global practice. Preserve the legacy history; migrate only after subledger, control-account and opening-trial-balance reconciliation."
"621100","Snail Processing Labour Expense","Posting COA Master","52110","Snail processing labour expense","Standards-based recommendation — not finance sign-off","","","52110","Direct mapping to snail processing labour; payroll-to-cost-centre allocation evidence required.","One-to-one candidate; opening-balance reconciliation required","Proposed using latest approved posting-engine COA and accounting standards/global practice. Preserve the legacy history; migrate only after subledger, control-account and opening-trial-balance reconciliation."
"621200","Snail Processing Overhead Expense","Posting COA Master","","","Standards-based recommendation — not finance sign-off","","","52200 / 52300 / 52400 / 52100","Split overhead by nature/source (utilities, repairs, depreciation, other production labour); apply normal-capacity allocation under IAS 2.","Split/reconcile before migration","Proposed using latest approved posting-engine COA and accounting standards/global practice. Preserve the legacy history; migrate only after subledger, control-account and opening-trial-balance reconciliation."
"622100","Poultry Processing Conversion Expense","Posting COA Master","","","Standards-based recommendation — not finance sign-off","","","52120 / 52200 / 52300 / 52400","Split poultry conversion cost by actual nature of cost; use payroll, fixed-asset, AP and GL source data rather than manually duplicating order costs.","Split/reconcile before migration","Proposed using latest approved posting-engine COA and accounting standards/global practice. Preserve the legacy history; migrate only after subledger, control-account and opening-trial-balance reconciliation."
"630100","Depreciation Expense","Posting COA Master","52400","Depreciation expense","Standards-based recommendation — not finance sign-off","","","52400","Direct mapping to depreciation expense; allocate by asset register and cost centre. Capitalize only eligible production overhead under IAS 2.","One-to-one candidate; opening-balance reconciliation required","Proposed using latest approved posting-engine COA and accounting standards/global practice. Preserve the legacy history; migrate only after subledger, control-account and opening-trial-balance reconciliation."
"640100","Inventory Write-off/Abnormal Loss","Posting COA Master","","","Standards-based recommendation — not finance sign-off","","","51200","Map post-harvest inventory write-down/loss to 51200; biological asset mortality before harvest is classified under IAS 41 mortality policy instead.","One-to-one candidate; opening-balance reconciliation required","Proposed using latest approved posting-engine COA and accounting standards/global practice. Preserve the legacy history; migrate only after subledger, control-account and opening-trial-balance reconciliation."
"640200","Abnormal Production Loss","Posting COA Master","","","Standards-based recommendation — not finance sign-off","","","51200 / 51110 / 51120","Split by whether the loss is post-harvest inventory/abnormal production (51200) or pre-harvest biological mortality (51110 snail / 51120 poultry); require incident and quantity evidence.","Split/reconcile before migration","Proposed using latest approved posting-engine COA and accounting standards/global practice. Preserve the legacy history; migrate only after subledger, control-account and opening-trial-balance reconciliation."
"640300","Abnormal Biological Loss — Snails","Posting COA Master","","","Standards-based recommendation — not finance sign-off","","","51110","Direct mapping to abnormal snail biological mortality loss; separately identify abnormal loss in P&L.","One-to-one candidate; opening-balance reconciliation required","Proposed using latest approved posting-engine COA and accounting standards/global practice. Preserve the legacy history; migrate only after subledger, control-account and opening-trial-balance reconciliation."
"640400","Abnormal Processing Loss — Snails","Posting COA Master","","","Standards-based recommendation — not finance sign-off","","","51200","Direct mapping to abnormal snail processing/inventory loss; abnormal waste is expensed under IAS 2.","One-to-one candidate; opening-balance reconciliation required","Proposed using latest approved posting-engine COA and accounting standards/global practice. Preserve the legacy history; migrate only after subledger, control-account and opening-trial-balance reconciliation."
"640500","Abnormal Biological Loss — Poultry","Posting COA Master","","","Standards-based recommendation — not finance sign-off","","","51120","Direct mapping to abnormal poultry biological mortality loss; separately identify abnormal loss in P&L.","One-to-one candidate; opening-balance reconciliation required","Proposed using latest approved posting-engine COA and accounting standards/global practice. Preserve the legacy history; migrate only after subledger, control-account and opening-trial-balance reconciliation."
"640600","Abnormal Processing Loss — Poultry","Posting COA Master","","","Standards-based recommendation — not finance sign-off","","","51200","Direct mapping to abnormal poultry processing/inventory loss; abnormal waste is expensed under IAS 2.","One-to-one candidate; opening-balance reconciliation required","Proposed using latest approved posting-engine COA and accounting standards/global practice. Preserve the legacy history; migrate only after subledger, control-account and opening-trial-balance reconciliation."
"650100","Income Tax Expense","Posting COA Master","58000","Income tax expense","Standards-based recommendation — not finance sign-off","","","58000","Direct mapping to income tax expense, subject to current/deferred tax classification and IAS 12 reconciliation.","One-to-one candidate; opening-balance reconciliation required","Proposed using latest approved posting-engine COA and accounting standards/global practice. Preserve the legacy history; migrate only after subledger, control-account and opening-trial-balance reconciliation."
